日期	開盤	最高	最低	收盤	成交量	是否結算日	5MA	10MA	20MA	60MA	120MA	BBAND(22)上軌	BBAND(22)中軌	BBAND(22)下軌	AH	NH	CDP	NL	AL	SAR	9K	9D	DIF(12-26)	MACD(9)	OSC	RSI(5)	RSI(10)	+DI(14)	-DI(14)	ADX(14)
2026-03-31	32630	32861	31805	31954	370181	False	32924.8	33134.5	33204.45	32253.083333333332	29896.358333333334	34912.8255933182	33348.09090909091	31783.35622486362	33557.75	33003.5	32510.75	31956.5	31463.75	31664.447014524914	25.59750010157458	38.219450999262165	-52.73682585577626	161.35598939537698	-214.09281525115324	26.098028484885347	37.691227753488754	11.997883902075127	25.473828967174327	25.030507386796764
2026-04-01	31936	33410	31742	33389	338226	False	32878.0	33047.1	33230.35	32335.116666666665	29957.141666666666	34582.67309283996	33264.045454545456	31945.41781625095	33199.5	32482.0	32143.5	31426.0	31087.5	31725.838074234416	41.11230624380049	39.18373608077494	-19.398749295258312	125.20504165724992	-144.60379095250823	56.94893190202847	52.17073712611493	14.180348012761804	22.8157543574845	24.90985649350713
2026-04-02	33620	33881	32496	32505	378997	False	32690.8	32941.7	33172.3	32398.916666666668	30014.183333333334	34447.06952371329	33181.045454545456	31915.02138537762	34650.5	34223.0	32982.5	32555.0	31314.5	31742.0	38.54851661690656	38.971996259485486	-63.57662379291287	87.44870856721737	-151.02533236013022	43.09557752771956	45.01122627096849	15.872438847233159	20.86858243682406	24.101886090852197
2026-04-07	32598	33376	32190	33177	317714	False	32701.0	32903.5	33146.0	32469.533333333333	30074.383333333335	34453.40566863199	33194.954545454544	31936.503422277103	34231.75	33197.5	32846.75	31812.5	31461.75	31742.0	46.650974868272066	41.53165579574768	-43.857561091150274	61.187454635543844	-105.04501572669412	53.77950585522974	50.72304882732423	14.71437900265045	21.228454567489592	23.67485376785055
2026-04-08	33223	35063	32824	35016	349323	False	33208.2	33149.2	33301.7	32571.883333333335	30149.158333333333	34725.09822452101	33256.318181818184	31787.538139115357	34166.0	33770.0	32980.0	32584.0	31794.0	31808.42	63.96223778731939	49.00851645960492	118.79250297536782	72.70846430350865	46.084038671859176	71.85546859222168	62.5510273470728	22.546389661236947	18.486302783681285	22.690561432210256
2026-04-09	34996	35345	34743	34924	263372	False	33802.2	33363.5	33412.05	32670.383333333335	30219.991666666665	34935.439957659146	33311.818181818184	31688.196405977225	36718.75	36135.5	34479.75	33896.5	32240.75	31949.883199999997	72.0799227953949	56.69898523820159	237.53209729556693	105.67319090192031	131.85890639364663	70.14013126407052	61.727442084124526	23.422409352454522	17.81979844602283	22.040139416487207
2026-04-10	34914	35578	34764	35569	230258	False	34238.2	33558.1	33490.3	32771.88333333333	30293.6	35242.46930650023	33478.5	31714.53069349977	35586.0	35225.0	34984.0	34623.0	34382.0	32167.570207999997	81.30840873186216	64.90212640275512	379.30776695047825	160.4001061116319	218.90766083884634	75.30619369506073	65.28774035469247	23.681878566674808	16.930912809718286	21.653183553433944
2026-04-13	35510	35747	35205	35460	196737	False	34829.2	33760.0	33587.7	32857.73333333333	30361.458333333332	35522.52164876693	33603.181818181816	31683.841987596697	36184.0	35976.0	35370.0	35162.0	34556.0	32453.92459136	85.15025833892767	71.65150371481263	477.3678184812452	223.7936485855546	253.5741698956906	72.65103573913228	64.16692417849316	23.940842562272426	16.346230070300322	21.45304468227381
2026-04-14	35512	36430	35456	36377	189811	False	35469.2	34085.1	33741.35	32953.566666666666	30438.825	35962.721865133295	33711.045454545456	31459.36904395762	36010.0	35731.0	35468.0	35189.0	34926.0	32851.532132224	89.72332353425668	77.67544365462732	621.9064022334787	303.41619931513947	318.49020291833926	80.04856452939526	69.12201906779191	26.8339486659388	15.32221619903418	21.871209513984976
2026-04-15	36377	37071	36355	36642	140812	True	35794.4	34501.3	33910.25	33055.666666666664	30516.358333333334	36425.08084481689	33853.318181818184	31281.555518819478	37134.0	36864.0	36160.0	35890.0	35186.0	33357.86827635712	90.46545206906285	81.9387797927725	749.2012310737409	392.5732056668598	356.62802540688114	81.82446839941635	70.43477243816245	29.796134251489022	14.598234930847962	22.7542548714167
2026-04-16	37009	37666	37001	37649	219351	False	36339.4	35070.8	34102.65	33175.51666666667	30605.808333333334	37073.608418311895	34050.818181818184	31028.027945324473	37393.5	37000.0	36677.5	36284.0	35961.5	33961.00671766712	93.54015285246994	85.80590414600498	920.7262253950466	498.2038096124972	422.52241578254944	87.22555338670566	74.93419684012828	31.716565245367363	13.607928965916413	23.98275890393136
2026-04-17	37565	37566	36928	37078	263127	False	36641.2	35439.7	34243.4	33285.933333333334	30692.083333333332	37485.912509020025	34224.181818181816	30962.451127343607	38156.25	37981.5	37491.25	37316.5	36826.25	34553.80564284038	92.11418030437369	87.90866286546122	999.0694405995455	598.3769358099069	400.69250478963863	72.05000034615765	68.37794116182283	30.164924142888673	13.43752827128786	25.00994962465801
2026-04-20	37031	37992	37031	37240	255355	False	36997.2	35913.2	34427.45	33394.933333333334	30776.125	37878.326685786225	34380.5	30882.673314213775	37800.5	37397.0	37162.5	36759.0	36524.5	35103.91673998592	89.89242567247204	88.56991713446483	1061.9871227044932	691.0989731888242	370.88814951566906	73.67431229080023	69.22670377095174	31.09428975571159	12.55582360676197	26.257139117713294
2026-04-21	37306	38160	37216	38048	246737	False	37331.4	36400.3	34651.9	33514.566666666666	30861.375	38382.70679528458	34552.545454545456	30722.38411380633	38336.75	37720.5	37375.75	36759.5	36414.75	35654.011726788456	92.16904078096518	89.76962501663162	1163.6350260892286	785.6061837689051	378.0288423203235	80.67586133847273	73.21143779698653	30.23117669663664	11.740862225554686	27.528335373356047
2026-04-22	38131	38369	37543	38216	267428	False	37646.2	36720.3	34934.75	33635.166666666664	30952.108333333334	38869.18775310258	34764.22727272727	30659.266792351962	38812.0	38520.0	37868.0	37576.0	36924.0	36197.00938143076	93.36465871759214	90.96796958361847	1243.414608215855	877.1678686582951	366.24673955755986	81.92524215116666	73.98952629253534	29.947111103850254	11.064152067120064	28.850836347665165
2026-04-23	38248	39085	37408	37851	371665	False	37686.6	37013.0	35188.25	33748.51666666667	31036.033333333333	39228.91035087037	34959.318181818184	30689.726012765997	38912.0	38629.0	38086.0	37803.0	37260.0	36774.60750514461	84.97506457461469	88.97033458061722	1262.6332026658783	954.2609354598118	308.37226720606657	69.68889329121907	69.14155744318305	31.373842824065758	9.825890679192758	30.52586182453932
2026-04-24	37930	39242	37648	39222	363621	False	38115.4	37378.3	35468.2	33877.61666666667	31130.958333333332	39757.58453381763	35262.181818181816	30766.779102546003	39725.75	38689.5	38048.75	37012.5	36371.75	37268.086004115685	89.80728904375616	89.24931940166354	1372.6690450108727	1037.9425573700241	334.7264876408485	82.18330589452499	75.76800572099764	29.161452409851275	8.815934590553923	32.172065720048
2026-04-27	39258	40449	39128	39921	326000	False	38651.6	37824.4	35792.2	34015.1	31232.733333333334	40354.20555921263	35586.72727272727	30819.248986241917	40427.5	40019.0	38833.5	38425.0	37239.5	37408.0	88.90588525405272	89.13484135245994	1498.9971944833233	1130.153484792684	368.84370969063934	85.89002737805139	78.3960743103043	34.3885936872808	8.075168113802706	34.300259549832205
2026-04-28	39863	40346	39487	39733	259475	False	38988.6	38160.0	36122.55	34149.51666666667	31334.208333333332	40859.02106851085	35864.454545454544	30869.88802239824	41175.75	40581.5	39854.75	39260.5	38533.75	37648.0	85.82554614778371	88.0317429509012	1565.8925002582255	1217.3012878857924	348.5912123724331	80.27521806017626	75.93498368655781	32.47754736012831	7.626414073281144	36.27643953463182
2026-04-29	39680	39855	39120	39479	289624	False	39241.2	38443.7	36472.5	34286.73333333333	31428.041666666668	41237.92015876506	36138.90909090909	31039.898023053116	40683.75	40162.5	39824.75	39303.5	38965.75	38208.2	81.36736684395466	85.81028424858569	1580.1963153210963	1289.8802933728532	290.31602194824313	72.29381415002777	72.51747729471137	30.895460474723503	9.687255333302335	37.41806572602641
2026-04-30	39479	39937	39169	39342	304265	False	39539.4	38613.0	36841.9	34411.38333333333	31522.516666666666	41509.730808066764	36421.454545454544	31333.178282842324	40218.25	39846.5	39483.25	39111.5	38748.25	38656.36	76.78245755268911	82.80100868328684	1562.4662978880588	1344.3974942758944	218.0688036121644	67.7521232950547	70.61291188025052	29.844768678065353	9.183836110302629	38.526626926375506
2026-05-04	39385	41074	39373	41056	291348	False	39906.2	39010.8	37225.25	34559.666666666664	31627.866666666665	41947.99916980809	36811.27272727273	31674.546284737364	40215.5	39726.0	39447.5	38958.0	38679.5	39120.0	84.36611737312504	83.32271157989958	1667.4987195813956	1409.0177393369947	258.4809802444008	83.73343732167115	78.47243049688396	33.85700163211547	8.15462515214931	40.14466774227372
2026-05-05	40999	41184	40546	41034	254647	False	40128.8	39390.2	37651.7	34707.73333333333	31733.158333333333	42181.2850864721	37224.0	32266.714913527903	42340.75	41906.5	40639.75	40205.5	38938.75	39169.0	88.25325903971049	84.96622739983655	1729.0312582917686	1473.0204431279496	256.01081516381896	83.07290717156148	78.17425462722825	33.149766379338985	7.807527807909532	41.69681912342482
2026-05-06	41075	42002	40960	41514	308010	False	40485.0	39736.8	38068.55	34857.88333333333	31842.191666666666	42563.95981468725	37593.318181818184	32622.67654894912	41587.5	41353.0	40949.5	40715.0	40311.5	39373.0	88.62798897524742	86.18681459164019	1795.827050634187	1537.581764629197	258.2452860049898	86.06984790200391	80.01516251519853	36.30863945978932	7.2637285414564685	43.47983304846711
2026-05-07	41436	42468	41413	42352	287227	False	41059.6	40150.4	38435.35	35015.0	31958.95	42862.68220516433	38040.90909090909	33219.135976653844	42539.5	42035.0	41497.5	40993.0	40455.5	39992.0	91.61644631544848	87.99669183290962	1894.543673687258	1608.9741464408094	285.5695272464486	89.95210092430095	82.82521568814389	36.86356729623482	6.751027303402002	45.305726942551985
2026-05-08	42425	42554	41541	41931	310211	False	41577.4	40558.4	38785.7	35167.61666666667	32074.05	43017.271929384195	38438.818181818184	33860.36443425217	43201.25	42879.5	42146.25	41824.5	41091.25	40504.4	88.36359476747236	88.1189928110972	1916.7114703962143	1670.5216112318903	246.18985916432393	76.55398131899386	76.79745099732546	34.933504500739495	6.291806269883153	47.03217524676779
2026-05-11	41999	42300	41669	41969	234402	False	41760.0	40833.1	39105.7	35329.566666666666	32192.058333333334	43303.035191339644	38754.86363636364	34206.692081387635	43002.25	42437.5	41989.25	41424.5	40976.25	40914.32	86.56388748427493	87.60062436882312	1915.2678755625384	1719.47086409802	195.7970114645184	76.9414846098342	76.96557513854901	33.40902930682036	6.017235976393742	48.63530581496819
2026-05-12	41982	42365	41605	41704	284447	False	41894.0	41011.4	39417.9	35497.7	32305.975	43439.02327625457	39063.045454545456	34687.06763283634	42607.75	42284.5	41976.75	41653.5	41345.75	41242.256	82.79176657367503	85.99767177044043	1871.1708382932775	1749.8108589370715	121.35997935620594	67.25232945276503	72.87403366951115	32.07743152981043	5.6948828286194315	50.15037393442867
2026-05-13	41620	41690	40738	41448	350718	False	41880.8	41182.9	39671.45	35650.433333333334	32420.366666666665	43526.45762409242	39330.27272727273	35134.087830453034	42604.5	42084.0	41844.5	41324.0	41084.5	42554.0	77.63665777486756	83.21066710524948	1794.8763408510567	1758.8239553198687	36.052385531188065	58.37546113809665	68.94021228806585	29.885891983206665	11.437659216935238	49.75701770440398
2026-05-14	41510	42239	41208	41636	301057	False	41737.6	41398.6	39921.15	35804.1	32533.866666666665	43540.02328829773	39611.0	35681.97671170227	42283.0	41924.0	41331.0	40972.0	40379.0	42517.68	75.47148871043775	80.63094097364558	1729.6441694550012	1752.9879981468953	-23.343828691894032	62.87388013890871	70.25058728794114	31.58695668112401	10.604894529293093	49.755097102536446
2026-05-15	41768	42453	40977	40998	338184	False	41551.0	41564.2	40088.6	35955.7	32644.016666666666	43512.472303584174	39821.045454545456	36129.61860550674	42710.75	42151.5	41679.75	41120.5	40648.75	42482.0864	57.81764586007936	73.02650926912351	1607.9307113019095	1723.9765407778982	-116.04582947598874	43.11033937254551	60.608884754480805	28.399078137170747	11.114107225217253	49.32579143232113
2026-05-18	41150	41223	40148	40797	332730	False	41316.6	41538.3	40274.55	36105.833333333336	32750.166666666668	43435.339138796895	40009.90909090909	36584.47904302128	42832.5	41736.0	41356.5	40260.0	39880.5	42453.0	47.536507603034345	64.5298420470938	1478.2129795716828	1674.8238285366551	-196.61084896497232	38.36161692278229	57.83049268451335	26.31593293408342	15.955535774665854	47.55317747988407
2026-05-19	40956	41452	40189	40240	328099	False	41023.8	41458.9	40424.55	36232.333333333336	32852.35	43387.10475199349	40127.681818181816	36868.258884370145	41816.25	41334.5	40741.25	40259.5	39666.25	42453.0	32.96559636821852	54.00842682080204	1315.3034976796625	1602.9197623652567	-287.61626468559416	27.766855240985194	50.67748170258646	25.620840845088072	14.600466202695106	46.11361801008465
2026-05-20	40330	40541	39736	40079	260550	True	40750.0	41315.4	40526.1	36345.26666666667	32957.975	43226.3164501039	40264.09090909091	37301.865368077924	41793.25	40871.5	40530.25	39608.5	39267.25	42344.32	26.034315250920226	44.68372296417478	1159.8353452266092	1514.3028789375273	-354.46753371091813	25.24747914737182	48.74125211395972	24.209557347585463	16.895947900288327	44.090665791741436
2026-05-21	40275	41668	40217	41503	264480	False	40723.4	41230.5	40690.45	36475.55	33074.825	43135.15126844961	40457.86363636364	37780.57600427767	40913.75	40481.5	40108.75	39676.5	39303.75	42187.8208	39.034531845601826	42.800659257983796	1138.4077574616604	1439.123854642354	-300.7160971806936	62.68228038147659	62.73384074394468	29.106279572852795	15.124915371104123	43.199170847040776
2026-05-22	41355	42499	41200	42455	315784	False	41014.8	41282.9	40920.65	36619.15	33205.166666666664	43237.5734508717	40658.181818181816	38078.79018549193	42673.75	42228.5	41222.75	40777.5	39771.75	39736.0	58.82553058014184	48.142283032036474	1184.589473515196	1388.2169784169225	-203.62750490172652	73.69196845545544	69.0165179472916	32.05193272628197	13.847087516822706	42.9465742690559
2026-05-25	42403	44050	42326	43870	261090	False	41629.4	41473.0	41153.05	36769.7	33348.958333333336	43599.459402034016	40915.181818181816	38230.90423432962	43451.25	43104.5	42152.25	41805.5	40853.25	39822.28	71.15953313594991	55.81469973334096	1320.1496274202145	1374.603508217581	-54.45388079736654	83.00665571649122	75.76431962004901	38.29159301376791	12.355181943243224	43.53684683432822
2026-05-26	43845	44393	43622	43864	200594	False	42354.2	41689.0	41350.2	36909.28333333333	33485.458333333336	43788.53382761591	41188.5	38588.46617238409	45253.0	44732.0	43529.0	43008.0	41805.0	40005.1088	76.98660737443544	62.872002280372456	1410.834652531892	1381.8497370804434	28.984915451448614	82.85117253920937	75.68665848769939	38.59724815974409	11.745696317771444	44.23687700653883
2026-05-27	43942	45256	43790	44794	298564	False	43297.2	42023.6	41603.25	37062.333333333336	33638.10833333333	44310.726273463646	41441.77272727273	38572.81918108181	44706.75	44249.5	43935.75	43478.5	43164.75	40320.162272	81.86788317715985	69.20396257930159	1539.9943200406851	1413.4786536724919	126.51566636819325	87.41759325398101	79.33477227054553	40.4569732661148	10.66807841676676	45.239009226703836
2026-05-28	44669	45622	43464	43839	446333	False	43764.4	42243.9	41821.25	37205.683333333334	33781.65	44578.25395128089	41619.86363636364	38661.47332144639	46124.5	45527.0	44658.5	44061.0	43192.5	40744.30929024	77.81451584333027	72.07414700064449	1547.4556627322963	1440.274055484453	107.18160724784343	65.14950067258803	67.73807114759458	37.473484057731476	9.313508305409124	46.30676692219741
2026-05-29	43958	45469	43943	45315	306589	False	44336.4	42675.6	42119.9	37388.75	33934.833333333336	45099.257538401514	41873.59090909091	38647.92427978031	46349.0	44918.0	44191.0	42760.0	42033.0	41232.078361216	83.47108848724001	75.87312749617634	1653.4102114196503	1482.9012866714925	170.50892474815782	76.64374420812925	74.21153650946673	33.96537891981852	8.44161802993153	47.29825621087002
2026-06-01	45404	46463	44855	46041	344194	False	44770.6	43200.0	42369.15	37608.25	34090.683333333334	45671.57313698355	42171.86363636364	38672.15413574373	46536.5	46078.0	45010.5	44552.0	43484.5	41755.1705250944	86.88964989382723	79.54530162872663	1775.4952827682137	1541.4200858908368	234.0751968773768	80.58148919217265	76.76006325069112	36.4847223923145	7.677994267080603	48.57899607617061
2026-06-02	46070	46745	45335	46103	361043	False	45218.4	43786.3	42622.6	37815.53333333333	34245.05	46122.0417954301	42479.181818181816	38836.32184093353	47458.0	46845.0	45850.0	45237.0	44242.0	42353.95006208307	87.98158032137502	82.3573945262761	1855.8582841636016	1604.30772554539	251.55055861821165	80.9247930659109	76.9759657697146	35.187380718143224	7.073738902648395	49.86075749544953
2026-06-03	46238	46995	46177	46857	250789	False	45631.0	44464.1	42889.75	38034.76666666667	34404.38333333333	46773.22409739834	42742.86363636364	38712.50317532894	47481.5	46808.0	46071.5	45398.0	44661.5	43003.69705339144	91.19393246619134	85.30290717291452	1957.8195156367583	1675.0100835636638	282.8094320730945	84.96538332053359	79.54389399176222	34.82299430079145	6.71376635667372	51.133070145071486
2026-06-04	46794	46978	46140	46310	283602	False	46125.2	44944.8	43087.65	38274.9	34561.916666666664	47210.006645396956	42982.681818181816	38755.35699096668	47539.5	47266.0	46721.5	46448.0	45903.5	43642.30552484881	89.23887637390554	86.6148969065782	1971.757010202491	1734.3594688914293	237.3975413110618	71.27438740803645	72.98253398381954	33.11790526714377	6.60122194742601	52.24931430668696
2026-06-05	46388	46549	44659	45226	426949	False	46107.4	45221.9	43252.4	38483.38333333333	34709.14166666667	47429.104939713216	43151.40909090909	38873.71324210496	47272.5	46729.0	46434.5	45891.0	45596.5	44178.736640873	76.12621022869074	83.11866801394905	1873.7335998456983	1762.234295082283	111.49930476341524	50.940908998309325	61.764311023359866	29.597892730478776	14.228245798938083	51.02219111526668
2026-06-08	45104	45314	40761	43083	520768	False	45515.8	45143.2	43308.1	38634.7	34836.833333333336	47447.64257077026	43184.63636363636	38921.63015650246	47305.0	46171.0	45415.0	44281.0	43525.0	46995.0	63.16659122721186	76.46797575170332	1604.6299752089399	1730.7134311076145	-126.08345589867463	29.877594389576046	46.17404756085951	23.200543735032173	29.65768280414013	48.25031736395843
2026-06-09	43255	44750	43216	44677	347543	False	45230.6	45224.5	43456.75	38820.78333333333	34977.49166666667	47579.44304670955	43309.454545454544	39039.46604419954	47613.25	45359.5	43060.25	40806.5	38507.25	46870.32	63.049997830225514	71.99531644454406	1502.6641157333142	1685.1035680327545	-182.4394522994403	49.34987128621067	55.464658553961144	21.378576090084913	27.328627972047542	45.67643459488649
2026-06-10	44700	45062	42366	43367	546494	False	44532.6	45081.8	43552.7	38988.5	35105.46666666667	47600.796138706355	43373.0	39145.203861293645	45864.0	45444.0	44330.0	43910.0	42796.0	46748.1336	55.96767046023162	66.65276778310658	1301.1505322041703	1608.3129608670376	-307.16242866286734	38.39656375687904	47.912939298466874	18.806314341838824	27.833917589531197	43.79639129367346
2026-06-11	43503	43972	42139	43219	582694	False	43914.4	45019.8	43631.85	39154.416666666664	35229.925	47604.593797958616	43441.86363636364	39279.13347476866	46236.5	44715.0	43540.5	42019.0	40844.5	46628.390928	50.45475966731729	61.25343174451016	1116.6353253684647	1509.9774337673232	-393.3421083988585	37.22962425118071	47.10780145752454	17.283666337286594	26.58302496736479	42.182301480312745
2026-06-12	43399	44939	43005	44217	409092	False	43712.6	44910.0	43792.8	39328.01666666667	35363.25833333333	47644.38604381847	43567.72727272727	39491.06850163607	44970.25	44135.5	43137.25	42302.5	41304.25	46511.04310944	52.11581347086472	58.20755898662835	1038.959475849122	1415.773842183683	-376.8143663345609	50.03050337427232	53.02251242933968	20.03991011793212	24.343492323138566	39.86187833196995
2026-06-15	43987	45904	43722	45597	321976	False	44215.4	44865.6	44032.8	39516.916666666664	35506.566666666666	47816.79010868073	43747.77272727273	39678.75534586472	46028.5	45184.0	44094.5	43250.0	42160.5	46396.0422472512	60.60207263152291	59.00573020159321	1076.3478048484976	1347.888634716646	-271.5408298681484	63.053633064975244	59.91031360751273	22.285695916173704	22.08304252308957	37.04722617628954
2026-06-16	45558	46266	45461	45764	223323	False	44432.8	44831.7	44309.0	39720.333333333336	35653.75833333333	47926.01461724614	43964.40909090909	40002.80356457204	47387.0	46688.0	45205.0	44506.0	43023.0	46283.34140230618	67.22568071955155	61.74571370757933	1106.6965206759487	1299.6502119085067	-192.95369123255796	64.45495170008238	60.68538151866123	23.092762420746308	21.297331244198137	34.68990047366327
2026-06-17	45805	45933	44943	45669	184979	True	44893.2	44712.9	44588.5	39922.166666666664	35798.583333333336	47945.02754013202	44185.86363636364	40426.69973259526	46618.75	46166.5	45813.75	45361.5	45008.75	46266.0	73.08249712102791	65.52464151206219	1110.2837308464514	1261.7769156960956	-151.4931848496442	62.762248559743576	59.95275794485321	22.053544844257093	22.6935549241673	32.31421349831768
2026-06-18	46124	46776	45728	46752	320430	False	45599.8	44757.1	44850.95	40158.71666666667	35955.6	47953.57403109976	44481.86363636364	41010.15324162752	46543.5	46164.0	45553.5	45174.0	44563.5	40761.0	81.92199724943008	70.9904267578515	1186.83457948891	1246.7884484546585	-59.95386896574837	72.90283774241541	65.26445461648238	24.834482947079756	21.526984647772302	30.51563778973527
2026-06-22	46765	48467	46731	48428	250757	False	46442.0	45077.3	45149.6	40419.5	36128.875	48135.95258449199	44861.36363636364	41586.77468823529	47550.0	47276.0	46502.0	46228.0	45454.0	40915.12	87.74256200952313	76.57447184174204	1366.9831409097606	1270.8273869456789	96.15575396408167	82.25216967392967	71.71528362241179	30.631661538642952	19.807403388865858	29.868811449505955
2026-06-23	48536	49239	47408	47437	311257	False	46810.0	45512.7	45327.95	40649.73333333333	36295.15833333333	48218.70462222634	45131.09090909091	42043.477195955486	49749.5	49296.0	48013.5	47560.0	46277.5	41248.0752	83.3682807763018	78.83907481992863	1413.492889704903	1299.3604874975238	114.1324022073793	65.53877282235653	63.91674561617476	31.590874332008585	18.1597262833434	29.663678959149912
2026-06-24	46997	47074	45911	46407	408585	False	46938.6	45685.7	45455.1	40865.833333333336	36451.9	48199.348310146146	45310.72727272727	42422.1062353084	49711.25	48352.5	47880.25	46521.5	46049.25	41727.530688	75.61641253631389	77.76485405872371	1351.6587283369445	1309.820135665408	41.83859267153639	51.850618642498176	56.785578880824715	29.396122208974436	23.71348907789282	28.30911764805501
2026-06-25	46407	47000	45067	46527	398222	False	47110.2	46001.7	45541.75	41089.183333333334	36607.15	48289.71860938434	45431.5	42573.28139061566	47612.75	46988.5	46449.75	45825.5	45286.75	42178.218846719996	69.2431521496504	74.92428675569928	1297.3822916146164	1307.3325668552498	-9.950275240633346	53.27189580945832	57.40082465631632	26.851333686597815	25.44046938532933	26.479756398312553
2026-06-26	46445	46885	44384	44452	446705	False	46650.2	46125.0	45572.4	41288.71666666667	36741.40833333333	48265.56696796999	45458.22727272727	42650.88757748455	48213.25	47493.5	46280.25	45560.5	44347.25	42601.86571591679	50.572711063938286	66.80709485844562	1074.5459689220297	1260.7752472686059	-186.22927834657617	32.52210906840607	45.07201248692399	23.9610883169642	25.641604001082953	24.830341838418764
2026-06-29	44888	45640	44132	45556	390855	False	46075.8	46258.9	45584.45	41515.416666666664	36884.25	48284.62152567593	45492.86363636364	42701.10574705135	47544.25	45702.5	45043.25	43201.5	42542.25	43000.09377296179	43.00957318758996	58.87458763482707	975.7819443745902	1203.7765866898028	-227.99464231521256	46.40552897642555	51.260602643780594	22.395754782807888	25.05817603295722	23.45749877171274
2026-06-30	45575	46881	45037	46779	332952	False	45944.2	46377.1	45621.35	41738.583333333336	37036.85	48367.512308650534	45626.5	42885.487691349466	46729.0	46310.0	45221.0	44802.0	43713.0	43374.42814658408	45.94998893923659	54.56638806963025	984.8439542662018	1159.9900602050827	-175.14610593888096	58.28920542571972	57.19656972616233	25.95275845621403	23.0732119053859	22.201499760083838
2026-07-01	46672	47693	46361	47221	273040	False	46107.0	46522.8	45677.25	41983.85	37191.38333333333	48532.2648541225	45713.13636363636	42894.00787315022	48213.0	47701.0	46369.0	45857.0	44525.0	43726.30245778904	50.79519528916928	53.309323809476595	1015.9797858990496	1131.1880053438763	-115.20821944482668	62.086947036640126	59.1923214861066	27.984794314290536	21.73393737547011	21.51370966636342
2026-07-02	47132	47547	45832	46606	346990	False	46122.8	46616.5	45664.7	42207.666666666664	37338.6	48580.66530992876	45738.818181818184	42896.97105370761	48456.0	47887.0	47124.0	46555.0	45792.0	44057.06431032169	50.01123455933523	52.20996072609614	979.7360097037163	1100.8976062158442	-121.16159651212797	53.59910400768975	55.212396545463086	25.90025461153665	22.412640757339275	20.49264506916899
2026-07-03	46300	47221	45267	47000	423830	False	46632.4	46641.3	45699.2	42407.4	37489.64166666667	48668.679653812156	45779.59090909091	42890.50216436967	48362.75	47463.5	46647.75	45748.5	44932.75	44367.980451702395	52.06022777815091	52.160049743447736	971.6050054514853	1075.0390860629725	-103.43408061148716	58.177735562122045	57.25809663065726	23.73128061601009	22.957173937418002	19.1473151300113
2026-07-06	47042	47555	46536	46874	227930	False	46896.0	46485.9	45781.6	42606.566666666666	37638.475	48670.66878060413	45780.36363636364	42890.05849212315	48576.0	47977.0	46622.0	46023.0	44668.0	44660.241624600254	60.37376600542832	54.897955164107934	944.1108567586998	1048.853440202118	-104.7425834434182	55.96999060960185	56.34364468270773	24.137611037317853	21.925972556494397	18.12259784724534
2026-07-07	46999	47496	45597	45695	321508	False	46679.2	46311.7	45912.2	42775.333333333336	37773.60833333333	48633.12875357587	45752.40909090909	42871.68942824231	47978.75	47383.5	46959.75	46364.5	45940.75	44934.96712712424	54.87989904433778	54.891936457517886	817.7594769366187	1002.6346475490182	-184.87517061239942	38.76415740170615	48.32031735104345	22.141572227043483	24.201806453338087	17.14566834816673
2026-07-08	45988	46000	44896	45563	345869	False	46347.6	46227.3	45956.5	42943.71666666667	37900.725	48640.28950591439	45767.72727272727	42895.16503954015	48019.75	46644.5	46120.75	44745.5	44221.75	49239.0	49.98171309498959	53.25519533667512	698.9171197889809	941.8911419970108	-242.97402220802985	37.16523461299397	47.4792494935405	21.051664029510373	26.136062698235456	16.69060866792428
2026-07-09	45465	46160	44580	45648	406340	False	46156.0	46139.4	46070.55	43098.23333333333	38025.9	48496.68768724493	45884.318181818184	43271.94867639144	46609.5	46115.0	45505.5	45011.0	44401.5	49145.82	47.511912446177654	51.340767706509304	604.6227702312754	874.4374676438638	-269.81469741258843	39.18437864572263	48.12528952431697	19.567158171667995	25.703364313592346	16.466602984175726
2026-07-10	45800	46497	45700	46275	137719	False	46011.0	46321.7	46223.35	43258.78333333333	38157.225	48516.992973531334	45956.954545454544	43396.916117377754	47089.0	46438.0	45509.0	44858.0	43929.0	48963.1872	49.824303125591825	50.835279512870144	573.8722368714589	814.3244214893829	-240.452184617924	53.08508487001024	52.87618080792763	20.356256490701817	24.695619220545836	15.978411675848234
2026-07-13	45800	46497	45266	45565	297214	False	45749.2	46322.6	46290.75	43390.71666666667	38283.11666666667	48351.10473262517	46056.86363636364	43762.62254010211	46983.75	46673.5	46186.75	45876.5	45389.75	48787.859712	43.763369874711934	48.47797630015074	486.60190746565786	748.7799186846379	-262.17801121898003	40.10853281280456	47.41277928978906	19.1819320122845	25.304826710039613	15.820197222116109
2026-07-14	45550	45891	43850	44790	325638	False	45568.2	46123.7	46250.4	43519.25	38402.59166666667	48131.74050012713	46128.27272727273	44124.80495441832	46954.25	46180.5	45723.25	44949.5	44492.25	48590.34532352	37.63261995246203	44.86285751758784	350.85903505409806	669.19574195853	-318.33670690443194	30.076872136300622	42.13288656820665	17.390606307025276	29.420625426046332	16.525826095105497
2026-07-15	44770	45840	44644	45831	176633	True	45621.8	45984.7	46253.75	43662.433333333334	38528.683333333334	48021.625117699994	46201.63636363636	44381.64760957273	46871.25	45810.5	44830.25	43769.5	42789.25	48305.9246041088	42.9111753349297	44.21229679003513	323.5521232210667	600.0670182110374	-276.5148949899707	50.75654331931097	50.379853354998886	16.4227709058161	27.78328614584311	17.1810529057385
2026-07-16	46098	46387	45190	45691	333898	False	45630.4	45893.2	46254.85	43789.816666666666	38652.191666666666	48020.382532465315	46205.90909090909	44391.43564935286	46732.5	46429.0	45536.5	45233.0	44340.5	48038.56912786227	45.17065310227882	44.53174889411636	287.3025242268486	537.5141194141996	-250.211595187351	48.352569895208745	49.32933774968834	18.079414980664314	26.211046323298063	17.26524771209412
2026-07-17	45452	45461	42537	42604	387355	False	44896.2	45453.6	46047.45	43862.95	38749.058333333334	48437.10995933117	46062.27272727273	43687.43549521429	46936.75	46289.5	45739.75	45092.5	44542.75	47708.474980190535	30.56412835036643	39.875875379533056	9.3713281575765	431.88556116287504	-422.51423300529854	20.973268893726384	32.64959134632525	15.577933719277048	34.22273687602652	18.70621999162542
2026-07-20	42700	43768	42177	42662	402784	False	44315.6	45032.4	45759.15	43943.13333333333	38845.825	48706.663374991294	45925.59090909091	43144.51844319053	46225.5	44066.0	43301.5	41142.0	40377.5	47265.95698177529	24.11836951752824	34.623373425531454	-203.86104857085593	304.73623921612887	-508.5972877869848	22.010416980075817	33.121674392923694	14.488899666966326	33.41211273837092	20.191834925478403
2026-07-21	42663	44400	42653	44375	263299	False	44232.6	44900.4	45606.05	44029.01666666667	38953.316666666666	48648.32752566686	45817.545454545456	42986.763383424055	44408.25	43457.5	42817.25	41866.5	41226.25	46757.061283597766	33.038789554895374	34.095178801986094	-231.95067650828423	197.39885607124626	-429.3495325795305	47.46456113660822	45.62824830445692	16.14486460008239	30.86089495795064	20.985765747021446
2026-07-22	44571	45365	44415	44645	246489	False	43995.4	44808.6	45517.95	44107.75	39061.425	48263.472761643214	45645.59090909091	43027.70905653861	45697.75	45248.5	43950.75	43501.5	42203.75	46299.05515523799	41.06906957980679	36.41980906125966	-229.77644567284005	111.963795722429	-341.74024139526904	50.63869300681596	47.35247672636755	19.765965844975895	29.486856029074055	20.896547996243797
2026-07-23	44471	45358	44375	44912	260739	False	43839.6	44735.0	45437.2	44194.066666666666	39171.791666666664	48038.67483727366	45530.818181818184	43022.961526362706	45717.5	45120.0	44767.5	44170.0	43817.5	45886.84963971419	48.48277478159959	40.44079763470631	-204.15530817301624	48.73997494333995	-252.89528311635618	54.069022222006666	49.12515357880247	18.867684988893835	28.331728292715525	20.83616517142612
2026-07-24	44880	45038	43633	43814	337868	False	44081.6	44488.9	45405.3	44266.316666666666	39276.525	47991.00146048291	45412.954545454544	42834.907630426176	45872.25	45403.5	44889.25	44420.5	43906.25	45515.86467574278	45.28305333816853	42.05488286919372	-269.34495476805023	-14.877010998938088	-254.46794376911214	39.83771815002516	42.574955928905304	17.63413765211262	29.93218001385091	21.194618974756935
2026-07-27	43803	44310	43177	43880	320587	False	44325.2	44320.4	45321.5	44341.95	39376.666666666664	47899.71760301653	45292.63636363636	42685.55512425619	45479.75	44516.5	44074.75	43111.5	42669.75	45358.0	43.672471029879574	42.59407892275567	-312.0850487696516	-74.3186185530808	-237.76643021657082	41.00443943950269	43.08183048880408	16.68670972238359	30.486370603340102	21.7702357431424
2026-07-28	43948	44240	41521	41573	339383	False	43764.8	43998.7	45061.2	44350.566666666666	39455.11666666667	48199.18546914461	45161.77272727273	42124.35998540084	44944.75	44446.5	43811.75	43313.5	42678.75	45038.0	29.471193866474042	38.21978390399513	-526.048540665266	-164.66460297551785	-361.3839376897482	22.196505247063612	32.08321181088371	14.652204087113391	34.195091730332955	23.072942187864875
2026-07-29	41797	42104	39439	40328	445977	False	42901.4	43448.4	44716.55	44338.8	39523.26666666667	48586.12725048942	44924.13636363636	41262.1454767833	44945.75	42932.5	42226.75	40213.5	39507.75	44366.12	24.568308365316806	33.66929205776902	-787.0051392653622	-289.13271023348676	-497.87242903187547	16.95146131465941	27.823884567736073	12.981546973345882	39.20388455739462	25.01404538748094
2026-07-30	40596	41263	39460	40286	452924	False	41976.2	42907.9	44400.55	44318.333333333336	39588.10833333333	48689.46912607315	44629.0	40568.53087392685	43214.75	41660.5	40549.75	38995.5	37884.75	44240.0	21.14318768960146	29.493923935046503	-985.8400226213853	-428.4741727110665	-557.3658499103187	16.78421539744504	27.686112057467568	11.985830497254296	36.19685050661931	26.816498358553
2026-07-31	40092	43951	39873	43727	332619	False	41958.8	43020.2	44236.9	44341.25	39678.125	48376.19986784733	44470.181818181816	40564.1637685163	42126.75	41187.5	40323.75	39384.5	38520.75	39439.0	38.21515696350301	32.40100161119867	-855.8919680128965	-513.9577317714326	-341.93423624146396	58.60737053160882	50.15420488107416	20.475252472795905	30.49877921735231	26.30560465920503
2026-08-03	43500	43873	42090	43219	355776	False	41826.6	43075.9	44054.15	44362.71666666667	39765.166666666664	48135.51221860645	44316.22727272727	40496.9423268481	46897.5	45766.0	42819.5	41688.0	38741.5	39460.0	46.739005531074234	37.18033625115719	-784.8512760203448	-568.136440621215	-216.7148353991298	53.633061930982564	47.72200261948703	19.062319246541474	28.39415371524191	25.831203366953343
2026-08-04	43001	43792	42103	43344	339467	False	42180.8	42972.8	43936.6	44385.63333333333	39857.6	47794.12613303295	44150.045454545456	40505.96477605796	44883.25	44110.5	43100.25	42327.5	41317.25	39549.82	53.150664384572664	42.503778962295684	-710.2769301456065	-596.5645385260933	-113.71239161951314	54.812711686271165	48.40606356105523	17.808640861937686	26.526745227244074	25.39068788129106
2026-08-05	43485	44923	43263	44537	290035	False	43022.6	42962.0	43885.3	44432.85	39965.275	47485.79998284483	44043.818181818184	40601.83638079154	44834.75	44188.5	43145.75	42499.5	41456.75	39657.2836	65.78443411195123	50.2639973455142	-548.5873209258425	-586.9690950060432	38.38177408020067	65.33437021185958	54.692872994684514	21.08372258786385	24.800383059651956	24.15564620582022
2026-08-06	44578	44642	43847	44258	278704	False	43817.0	42896.6	43815.8	44479.683333333334	40065.058333333334	47342.83998338359	43978.5	40614.16001661641	45975.0	45367.0	44315.0	43707.0	42655.0	39867.912256	73.14756098589115	57.89185189230652	-437.91213055793196	-557.157702116421	119.24557155848902	61.17062080837254	53.014278714105416	20.39902152196125	23.994982180135978	23.00882179288301
2026-08-07	44110	44869	43802	44297	300495	False	43931.0	42944.9	43716.9	44524.03333333333	40164.066666666666	47214.282951691304	43920.954545454544	40627.626139217784	45046.25	44655.5	44251.25	43860.5	43456.25	40070.115765760005	78.2933654809904	64.69235642186781	-343.0992363316982	-514.3460089594764	171.24677262777823	61.59824704251263	53.23719073515864	20.438277891957693	22.919174462964765	21.774046031297953
2026-08-10	44400	45245	44362	44990	260881	False	44285.2	43055.9	43688.15	44590.566666666666	40273.13333333333	47130.15335508319	43891.045454545456	40651.93755400772	45383.25	44830.5	44316.25	43763.5	43249.25	40277.111135129606	84.06490756489038	71.149873469542	-209.6236156549421	-453.4015302985696	243.77791464362747	69.14566952193152	57.24224667918509	21.2290445264606	21.976417555701026	20.34231498963082
2026-08-11	45003	45195	44570	45085	222284	False	44633.4	43407.1	43702.9	44662.03333333333	40383.933333333334	46946.38643214907	43836.954545454544	40727.52265876002	45779.75	45431.5	44896.75	44548.5	44013.75	40575.18446702183	88.45468052583011	76.91814248830471	-95.08147847908549	-381.7375199346728	286.6560414555873	70.15093042814152	57.79285382463736	20.626643533408775	21.35280890752212	19.012850450939915
2026-08-12	44933	45560	44812	45516	218433	False	44829.2	43925.9	43687.15	44749.96666666667	40491.15	46939.03820350762	43834.72727272727	40730.416341946926	45608.75	45397.5	44983.75	44772.5	44358.75	40874.273399000514	92.04522222031486	81.96050239897477	30.124828179825272	-299.3650503117732	329.48987849159846	74.80597551368972	60.36567492150153	21.620561858534128	20.599424575513705	17.82754764095501
2026-08-13	45599	46313	45588	46025	194743	False	45182.6	44499.8	43703.85	44849.066666666666	40597.166666666664	47110.10159975172	43890.86363636364	40671.62567297556	46099.0	45890.0	45351.0	45142.0	44603.0	41309.371527080475	92.42354936244213	85.44818472013056	168.48162310427142	-205.79571562856427	374.2773387328357	79.52072124540393	63.30112283936745	24.45553167714862	19.797890668201674	17.305931979684182
2026-08-14	45968	46573	45676	45812	204317	False	45485.6	44708.3	43864.25	44920.88333333333	40698.21666666667	47107.06633588861	43890.0	40672.93366411139	46712.75	46387.5	45987.75	45662.5	45262.75	41835.73437437243	89.2741634079219	86.72351094939434	257.9693499185305	-113.04270251914532	371.01205243767583	72.43058536966655	61.19380669593609	24.659549401102442	18.906247759429583	17.01308010017055
2026-08-17	45871	46141	45554	45867	169241	False	45661.0	44973.1	44024.5	44977.75	40798.45	47134.649590458095	43898.0	40661.350409541905	46865.25	46260.5	45968.25	45363.5	45071.25	42404.206249447736	85.7396738932974	86.39556526402869	329.52845953177166	-24.52847010896193	354.0569296407336	73.20179604895394	61.56094655916541	23.9009414539437	18.96400262514342	16.620533481136164
2026-08-18	46009	46296	45073	45088	195594	False	45661.6	45147.5	44060.15	44998.05	40883.875	47231.66545927965	44010.90909090909	40790.15272253853	46444.25	46160.5	45857.25	45573.5	45270.25	42904.46149951401	72.62952877621247	81.80688643475662	319.69552877824754	44.31632966847996	275.37919910976757	48.95600935484463	53.583021422291395	22.35770487159205	20.278963701337744	15.781600908915928
2026-08-19	45150	45205	44194	44612	149580	True	45480.8	45155.0	44058.5	45010.51666666667	40959.9	47271.70378406124	44099.545454545456	40927.38712502967	46609.25	45699.5	45386.25	44476.5	44163.25	43344.686119572325	58.16346066134603	73.92574451028642	270.3769017915547	89.52844409309492	180.84845769845978	39.07151781735687	49.24975191717973	21.1424107704336	23.902643512713816	15.092037660504378
2026-08-20	44655	45194	44446	44903	255318	False	45256.4	45219.5	44058.05	45012.333333333336	41037.333333333336	47312.38257515887	44123.545454545456	40934.708333932045	45666.75	45117.5	44655.75	44106.5	43644.75	43732.083785223644	48.70978644061713	65.52042515372999	251.86940883284115	121.99663704104417	129.872771791797	47.215726976618555	51.892436841863145	20.26474252292319	22.910391897207088	14.45172892983651
2026-08-21	44972	45293	44258	45138	261653	False	45121.6	45303.6	44124.25	45033.98333333333	41119.833333333336	47356.99908562288	44145.954545454544	40934.910005286205	45609.5	45277.0	44861.5	44529.0	44113.5	44072.99373099681	45.700036974142684	58.913629093867556	253.24536837991764	148.24638330881888	104.99898507109876	53.491226899885035	54.03987555202983	19.084221401134187	22.633905811851076	14.027229281098617
2026-08-24	45210	45475	44613	44740	216785	False	44896.2	45278.6	44167.25	45024.4	41206.575	47342.19499786664	44138.13636363636	40934.07772940608	45991.75	45655.5	44956.75	44620.5	43921.75	44258.0	38.11696454013884	51.98140757595799	219.68812451075792	162.5347315492067	57.15339296155122	42.73514325298099	49.852276308798295	19.18499518820282	21.51001287600106	13.43337539787762
2026-08-25	44674	45098	44148	45032	244609	False	44885.0	45273.3	44340.2	45007.583333333336	41307.916666666664	47416.12689357951	44193.5	40970.87310642049	45754.0	45171.0	44892.0	44309.0	44030.0	46573.0	37.562512442566785	47.175109198160925	214.18671550203726	172.8651283397728	41.32158716226445	51.65110084825251	52.83186777439719	18.117270630147303	23.037015517188404	13.327733760651414
2026-08-26	45088	46023	44860	46003	211446	False	45163.2	45322.0	44623.95	45005.916666666664	41410.725	47599.26808192975	44290.0	40980.73191807025	45777.5	45507.0	44827.5	44557.0	43877.5	46524.5	50.53995674865277	48.29672504832487	284.8943099766693	195.27096466715213	89.62334530951719	70.6475004636446	61.322784260748335	22.315692861004514	21.462257827442667	12.515000148389294
2026-08-27	46000	46516	45767	46064	189293	False	45395.4	45325.9	44912.85	44992.7	41513.73333333333	47651.66102977908	44494.13636363636	41336.61169749364	46885.25	46584.5	45722.25	45421.5	44559.25	44148.0	60.66402521982257	52.419158438824105	341.91143601830845	224.5990589373834	117.31237708092505	71.52602407556226	61.802745465069485	24.28494162489538	20.490780198917186	12.226336025287273
2026-08-28	46140	46574	46038	46357	185325	False	45639.2	45380.4	45044.35	44993.48333333333	41634.191666666666	47415.86361724199	44768.181818181816	42120.500019121646	46851.75	46438.5	46102.75	45689.5	45353.75	44196.52	70.79442846476768	58.544248447471965	406.0597662672444	260.89120040335564	145.16856586388877	75.86344381651816	64.17536438412623	23.831095104128153	19.80007628790245	12.012944221684112
2026-08-31	46410	46602	45417	45977	229215	False	45886.6	45391.4	45182.25	45006.0	41744.691666666666	46810.53446820093	45026.86363636364	43243.19280452635	46867.5	46625.0	46331.5	46089.0	45795.5	44292.739199999996	72.04007809088289	63.04285832860894	421.37757753046026	292.9884758287766	128.38910170168367	60.839194467342935	58.90298546879362	22.060621682902017	22.222384731405516	11.180969186985866
2026-09-01	46130	47217	45785	47201	197556	False	46320.4	45602.7	45375.1	45074.63333333333	41854.666666666664	47096.71145230947	45184.77272727273	43272.834002235984	47178.25	46569.5	45993.25	45384.5	44808.25	44468.194848	81.18627124164648	69.09066263295479	526.2177136765094	339.6343233983232	186.58339027818624	78.21234434133754	68.24109731952717	23.901965431594647	20.263251804271096	10.970819050018424
2026-09-02	47195	47340	46133	46165	209181	False	46352.8	45758.0	45456.5	45099.433333333334	41960.10833333333	47058.60588727712	45318.681818181816	43578.757749086515	48283.0	47917.0	46851.0	46485.0	45419.0	44697.93926016	75.18725518031236	71.12286014874066	519.7167637775274	375.6508114741641	144.0659523033633	53.228489720105955	56.22612488755846	22.886019123483887	18.761847108771523	10.89450918487074
2026-09-03	46177	46473	45687	45819	226259	False	46303.8	45849.6	45534.55	45140.3	42064.4	46940.89798656389	45431.181818181816	43921.46564979974	47657.75	46768.5	46450.75	45561.5	45243.75	44962.145334144	67.5747114735917	69.94014392369101	481.0995891982384	396.74056701897894	84.35902217925945	46.965401408885334	52.77784682474297	21.75555012385698	20.6379496567274	10.304633837003355
2026-09-04	45889	46757	45728	46709	222908	False	46374.2	46006.7	45655.15	45198.46666666667	42176.441666666666	47078.17065476488	45529.90909090909	43981.6475270533	46735.5	46212.0	45949.5	45426.0	45163.5	45199.9308007296	71.79375084037275	70.55801289591827	516.358502685136	420.66415415221036	95.69434853292569	61.522508167993784	59.82055175976255	22.136039524980486	19.294274273325836	10.05852748361962
2026-09-07	46622	47570	46555	47462	200709	False	46671.2	46278.9	45778.75	45252.55	42290.28333333333	47322.097491492015	45675.545454545456	44028.9934175989	47504.75	47223.5	46475.75	46194.5	45446.75	45436.93772065664	79.867420609449	73.66114880042852	598.1669562411407	456.1647145699965	142.00224167114425	70.17917058864126	64.76113359257161	25.88548386067989	18.046177157960056	10.614655606552917
2026-09-08	47530	47594	46938	46955	135376	False	46622.0	46471.2	45872.25	45275.183333333334	42396.05	47408.75216869819	45796.36363636364	44183.97510402909	48277.25	47969.5	47262.25	46954.5	46247.25	45695.78519417784	76.79417383762686	74.70549047949464	615.0007365913843	487.9319189742741	127.06881761711026	59.00629269229195	59.305564660974156	24.927857618880147	17.268675299671894	11.152981092429853
2026-09-09	46875	47592	46560	47178	199690	False	46824.6	46588.7	45955.35	45298.75	42509.541666666664	47568.570306605005	45895.818181818184	44223.06605703136	47766.5	47283.0	47110.5	46627.0	46454.5	45961.53526699294	78.15982742137918	75.85693612678949	638.9702142265814	518.1395780247356	120.83063620184589	62.30572437181227	60.91470311981264	23.232094716496874	18.585622283184758	11.150000531250086
2026-09-10	47202	47293	46508	46869	202095	False	47034.6	46669.2	45997.55	45318.75	42620.458333333336	47657.895978940054	45976.90909090909	44295.92220287812	48159.0	47694.0	47127.0	46662.0	46095.0	46190.08032961393	74.33898156372454	75.35095127243451	625.8184350037118	539.6753494205308	86.143085583181	54.68257344339581	57.41907149080416	22.005807697575555	17.954248643990578	11.077787805812765
2026-09-11	46866	46900	45780	46187	208760	False	46930.2	46652.2	46016.3	45309.333333333336	42734.025	47677.66708740989	46007.40909090909	44337.151094408284	47669.75	47261.5	46884.75	46476.5	46099.75	47594.0	58.29905185877389	69.66698480121431	553.9779420512787	542.5358679466804	11.442074104598305	40.882535047177605	50.33537103185876	20.35495980462113	21.48356147657897	10.47919711042773
2026-09-14	46317	46660	45300	45777	200060	False	46593.2	46632.2	46011.8	45265.15	42842.325	47669.24197842926	45996.13636363636	44323.03074884346	47383.5	46747.0	46263.5	45627.0	45143.5	47548.12	45.79715924557609	61.71037628266824	458.67296390277625	525.7632871378996	-67.09032323512338	34.365330272573374	46.503208553362384	18.5365024973257	22.717359382695275	10.454573161780374
2026-09-15	45757	45959	45360	45592	178688	False	46320.6	46471.3	46037.0	45234.4	42942.066666666666	47666.46811040659	45986.13636363636	44305.80461686613	47238.5	46457.0	45878.5	45097.0	44518.5	47458.1952	34.774392127100135	52.73171489747888	364.01894439721946	493.4144185897636	-129.39547419254416	31.530348895378765	44.79346619060189	17.782957071763523	21.79385386992922	10.431708066607829
2026-09-16	45540	46092	45335	45758	122034	True	46036.6	46430.6	46094.3	45223.583333333336	43044.708333333336	47663.627049591465	45981.181818181816	44298.73658677217	46224.75	45891.5	45625.75	45292.5	45026.75	47371.867392	29.837970223646533	45.1004666728681	298.95361350942403	454.5222575736957	-155.56864406427167	37.32919195624136	46.745545873559664	17.771758605487502	20.65128480741929	10.221890984952697
2026-09-17	46150	47038	46056	46459	215124	False	45954.6	46494.6	46172.1	45222.45	43155.816666666666	47688.45555012525	46043.5	44398.54444987475	46492.75	46136.5	45735.75	45379.5	44978.75	47288.99269632	36.73301473206776	42.31131602593466	300.48985154878756	423.7157763687141	-123.22592481992655	56.69085917871486	54.323729398857395	22.663665938158505	18.85160391481985	10.147635415053765
2026-09-18	46561	47464	46537	47428	168072	False	46202.8	46566.5	46286.6	45272.05	43280.38333333333	47787.67205000617	46171.5	44555.32794999383	47485.0	46950.0	46503.0	45968.0	45521.0	45300.0	55.40992031251481	46.67751745479471	375.5682163767924	414.0862643703298	-38.51804799353738	71.76383359268112	62.516217822152214	24.01734368239154	17.55782541045712	10.53258732231843
